{"questioncaster":[0.6666666666666666,0.3,0.18181818181818182,0.125,0.09090909090909091,0.058823529411764705,0.024793388429752067,0,0,0,0,0,0],"lurkcaster":[1,1,0.23076923076923078,0.14285714285714285,0.09090909090909091,0.06976744186046512,0.047619047619047616,0.014598540145985401,0.008,0.0023160520220915732,0,0,0],"ghostcaster":[1,1,1,1,0.97,0.89,0.8,0.01,0,0,0,0,0],"gramcaster":[0.75,0.3,0.18181818181818182,0.125,0.08695652173913043,0.0625,0.03896103896103896,0,0,0,0,0,0],"replyguy":[1,0.8863636363636364,0.7446808510638298,0.6666666666666666,0.6153846153846154,0.5606060606060606,0.5,0.3076923076923077,0.125,0,0,0,0],"shillcaster":[0.12195121951219512,0.005780346820809248,0,0,0,0,0,0,0,0,0,0,0],"threadcastor":[0.2222222222222222,0.05555555555555555,0.013888888888888888,0,0,0,0,0,0,0,0,0,0],"botcaster":[0.5,0.07692307692307693,0.03636363636363636,0.022598870056497175,0.013793103448275862,0.008771929824561403,0.006066455259892458,0.0012448132780082987,0.0001768142492638879,0,0,0,0],"castaway":[1,0.5,0.375,0.2857142857142857,0.2,0.14754098360655737,0.0967741935483871,0,0,0,0,0,0],"cryptocaster":[0.7857142857142857,0.1,0.03333333333333333,0,0,0,0,0,0,0,0,0,0],"birdappcaster":[0.1,0.025,0.0055658627087198514,0,0,0,0,0,0,0,0,0,0]}